Section,=,Rectangular CFST,,,,,No of test,=,401,,,,,,,,,,,
Load type ,=,Axial compression with eccentrically indunced moments,,,,,,,,,,,,,,,,,,
,,,,,,,,,,,,,,,,,,,,
Refference,,,,,Geometry,,,,Steel,,,Concrete,,,,,,,,
Source,Refference,Year,Ref. No,Speciment,b (mm),h (mm),t (mm),L (mm),fy (MPa),fu (MPa),Ea (Gpa),fc (MPa),Ec (Gpa),fc type,et (mm),eb (mm),Bending Axis,Î´o (mm),N Test (kN),Notes
Bradford (SRC_WMe),Nakahara & Sakino,2000,[55],1,149.00,149.00,4.38,447.00,262.00,,206.00,41.10,,Cyl,45.00,45.00,y-y,45.00,755.00,
Bradford (SRC_WMe),Nakahara & Sakino,2000,[55],2,149.00,149.00,4.38,447.00,262.00,,206.00,41.10,,Cyl,200.00,200.00,y-y,200.00,259.00,
Bradford (SRC_WMe),Nakahara & Sakino,2000,[55],3,216.00,216.00,4.38,648.00,262.00,,206.00,25.40,,Cyl,60.00,60.00,y-y,60.00,1141.00,
Bradford (SRC_WMe),Nakahara & Sakino,2000,[55],4,216.00,216.00,4.38,648.00,262.00,,206.00,25.40,,Cyl,200.00,200.00,y-y,200.00,503.00,
Bradford (SRC_WMe),Nakahara & Sakino,2000,[55],5,216.00,216.00,4.38,648.00,262.00,,206.00,41.10,,Cyl,60.00,60.00,y-y,60.00,1369.00,
Bradford (SRC_WMe),Nakahara & Sakino,2000,[55],6,216.00,216.00,4.38,648.00,262.00,,206.00,41.10,,Cyl,100.00,100.00,y-y,100.00,1028.00,
Bradford (SRC_WMe),Nakahara & Sakino,2000,[55],7,215.00,215.00,4.38,645.00,262.00,,206.00,41.10,,Cyl,200.00,200.00,y-y,200.00,580.00,
Bradford (SRC_WMe),Nakahara & Sakino,2000,[55],8,216.00,216.00,4.38,648.00,262.00,,206.00,80.30,,Cyl,60.00,60.00,y-y,60.00,2013.00,
Bradford (SRC_WMe),Nakahara & Sakino,2000,[55],9,216.00,216.00,4.38,648.00,262.00,,206.00,80.30,,Cyl,100.00,100.00,y-y,100.00,1447.00,
Bradford (SRC_WMe),Nakahara & Sakino,2000,[55],10,323.00,323.00,4.38,969.00,262.00,,206.00,41.10,,Cyl,60.00,60.00,y-y,60.00,3306.00,
Bradford (SRC_WMe),Nakahara & Sakino,2000,[55],11,323.00,323.00,4.38,969.00,262.00,,206.00,41.10,,Cyl,200.00,200.00,y-y,200.00,1479.00,
Bradford (SRC_WMe),Nakahara & Sakino,2000,[55],12,145.00,145.00,6.36,435.00,618.00,,206.00,41.10,,Cyl,45.00,45.00,y-y,45.00,1636.00,
Bradford (SRC_WMe),Nakahara & Sakino,2000,[55],13,145.00,145.00,6.36,435.00,618.00,,206.00,41.10,,Cyl,200.00,200.00,y-y,200.00,611.00,
Bradford (SRC_WMe),Nakahara & Sakino,2000,[55],14,211.00,211.00,6.36,633.00,618.00,,206.00,25.40,,Cyl,60.00,60.00,y-y,60.00,2393.00,
Bradford (SRC_WMe),Nakahara & Sakino,2000,[55],15,211.00,211.00,6.36,633.00,618.00,,206.00,41.10,,Cyl,60.00,60.00,y-y,60.00,2685.00,
Bradford (SRC_WMe),Nakahara & Sakino,2000,[55],16,211.00,211.00,6.36,633.00,618.00,,206.00,41.10,,Cyl,100.00,100.00,y-y,,2090.00,
Bradford (SRC_WMe),Nakahara & Sakino,2000,[55],17,212.00,212.00,6.36,636.00,618.00,,206.00,41.10,,Cyl,300.00,300.00,y-y,,858.00,
Bradford (SRC_WMe),Nakahara & Sakino,2000,[55],18,211.00,211.00,6.36,633.00,618.00,,206.00,80.30,,Cyl,60.00,60.00,y-y,,3396.00,
Bradford (SRC_WMe),Nakahara & Sakino,2000,[55],19,211.00,211.00,6.36,633.00,618.00,,206.00,80.30,,Cyl,200.00,200.00,y-y,,1484.00,
Bradford (SRC_WMe),Nakahara & Sakino,2000,[55],20,318.00,318.00,6.36,954.00,618.00,,206.00,41.10,,Cyl,100.00,100.00,y-y,,4100.00,
Bradford (SRC_WMe),Nakahara & Sakino,2000,[55],21,319.00,319.00,6.36,957.00,618.00,,206.00,41.10,,Cyl,300.00,300.00,y-y,,1967.00,
Bradford (SRC_WMe),Uy,1997,[120],NS2 [C],186.00,186.00,3.00,540.00,300.00,,200.00,32.00,,Cyl,37.00,37.00,y-y,,1069.00,* = empty tube squash load   ** = filled tube in bending
Bradford (SRC_WMe),Uy,1997,[120],NS3 [C],186.00,186.00,3.00,540.00,300.00,,200.00,32.00,,Cyl,56.00,56.00,y-y,,1133.00,* = empty tube squash load   ** = filled tube in bending
Bradford (SRC_WMe),Uy,1997,[120],NS4 [C],186.00,186.00,3.00,540.00,300.00,,200.00,32.00,,Cyl,84.00,84.00,y-y,,895.00,* = empty tube squash load   ** = filled tube in bending
Bradford (SRC_WMe),Uy,1997,[120],HS2 [C],126.00,126.00,3.00,360.00,300.00,,200.00,50.00,,Cyl,20.00,20.00,y-y,,996.00,* = empty tube squash load   ** = filled tube in bending
Bradford (SRC_WMe),Uy,1997,[120],HS3 [C],126.00,126.00,3.00,360.00,300.00,,200.00,50.00,,Cyl,40.00,40.00,y-y,,739.00,* = empty tube squash load   ** = filled tube in bending
Bradford (SRC_WMe),Uy,1997,[120],HS4 [C],126.00,126.00,3.00,360.00,300.00,,200.00,50.00,,Cyl,50.00,50.00,y-y,,619.00,* = empty tube squash load   ** = filled tube in bending
Bradford (SRC_WMe),Nakahara & Sakino,2000,[55],8,216.00,216.00,4.38,648.00,262.00,,206.00,68.26,,Cyl,60.00,60.00,y-y,,2013.00,fcyl > 60 using .85fcyl
Bradford (SRC_WMe),Nakahara & Sakino,2000,[55],9,216.00,216.00,4.38,648.00,262.00,,206.00,68.26,,Cyl,100.00,100.00,y-y,,1447.00,
Bradford (SRC_WMe),Nakahara & Sakino,2000,[55],18,211.00,211.00,6.36,633.00,618.00,,206.00,68.26,,Cyl,60.00,60.00,y-y,,3396.00,
Bradford (SRC_WMe),Nakahara & Sakino,2000,[55],19,211.00,211.00,6.36,633.00,618.00,,206.00,68.26,,Cyl,200.00,200.00,y-y,,1484.00,
Bradford (LRC_WMe),Shakir-Khalil and Al-Rawdan,1996,[56],1,100.00,150.00,5.00,2940.00,330.80,,205.00,45.10,,Cyl,6.00,6.00,y-y,6.30,882.00,
Bradford (LRC_WMe),Shakir-Khalil and Al-Rawdan,1996,[56],X1,100.00,150.00,5.00,2940.00,331.50,,206.00,47.20,,Cyl,15.00,15.00,y-y,14.60,670.00,
Bradford (LRC_WMe),Shakir-Khalil and Al-Rawdan,1996,[56],X2,100.00,150.00,5.00,2940.00,331.50,,206.00,48.10,,Cyl,45.00,45.00,y-y,33.10,470.00,
Bradford (LRC_WMe),Shakir-Khalil and Al-Rawdan,1996,[56],X3,100.00,150.00,5.00,2940.00,321.60,,203.00,47.40,,Cyl,75.00,75.00,y-y,37.10,339.00,
Bradford (LRC_WMe),Shakir-Khalil and Al-Rawdan,1996,[56],2,100.00,150.00,5.00,4000.00,360.80,,205.00,47.00,,Cyl,6.00,6.00,y-y,6.50,667.00,
Bradford (LRC_WMe),Shakir-Khalil and Al-Rawdan,1996,[56],3,100.00,150.00,5.00,4000.00,355.50,,205.00,47.70,,Cyl,15.00,15.00,y-y,17.40,650.00,
Bradford (LRC_WMe),Shakir-Khalil and Al-Rawdan,1996,[56],4,100.00,150.00,5.00,4000.00,350.50,,205.00,48.30,,Cyl,45.00,45.00,y-y,38.00,443.00,
Bradford (LRC_WMe),Shakir-Khalil and Al-Rawdan,1996,[56],5,100.00,150.00,5.00,4000.00,342.50,,205.00,48.20,,Cyl,75.00,75.00,y-y,50.10,344.00,
Bradford (LRC_WMe),Shakir-Khalil and Al-Rawdan,1996,[56],6,100.00,150.00,5.00,4910.00,360.80,,205.00,45.70,,Cyl,6.00,6.00,y-y,12.50,536.00,
Bradford (LRC_WMe),Shakir-Khalil and Al-Rawdan,1996,[56],7,100.00,150.00,5.00,4910.00,342.50,,205.00,46.30,,Cyl,15.00,15.00,y-y,33.40,558.00,
Bradford (LRC_WMe),Shakir-Khalil and Al-Rawdan,1996,[56],8,100.00,150.00,5.00,4910.00,368.00,,205.00,47.30,,Cyl,45.00,45.00,y-y,42.50,356.00,
Bradford (LRC_WMe),Shakir-Khalil and Al-Rawdan,1996,[56],9,100.00,150.00,5.00,4910.00,350.50,,205.00,47.50,,Cyl,75.00,75.00,y-y,67.50,293.00,
Bradford (LRC_WMe),Shakir-Khalil and Al-Rawdan,1996,[56],X4,100.00,150.00,5.00,2940.00,324.30,,202.00,51.50,,Cyl,30.00,30.00,z-z,25.80,402.00,
Bradford (LRC_WMe),Shakir-Khalil and Al-Rawdan,1996,[56],10,100.00,150.00,5.00,4000.00,368.00,,205.00,45.70,,Cyl,30.00,30.00,z-z,44.60,349.00,
Bradford (LRC_WMe),Shakir-Khalil and Al-Rawdan,1996,[56],11,100.00,150.00,5.00,4910.00,355.50,,205.00,47.20,,Cyl,30.00,30.00,z-z,69.70,273.00,
Bradford (LRC_WMe),Wei & Han,2000,[121],Scp1-1,120.00,120.00,3.84,2600.00,330.10,,200.00,18.93,,Cyl,15.00,15.00,z-z,,588.00,
Bradford (LRC_WMe),Wei & Han,2000,[121],Scp1-2,120.00,120.00,3.84,2600.00,330.10,,200.00,18.93,,Cyl,30.00,30.00,z-z,,450.80,
Bradford (LRC_WMe),Wei & Han,2000,[121],Scp1-3,120.00,120.00,3.84,2600.00,330.10,,200.00,25.46,,Cyl,40.00,40.00,z-z,,421.40,
Bradford (LRC_WMe),Wei & Han,2000,[121],Scp1-4,120.00,120.00,3.84,2600.00,330.10,,200.00,18.93,,Cyl,50.00,50.00,z-z,,333.20,
Bradford (LRC_WMe),Wei & Han,2000,[121],Scp1-5,120.00,120.00,3.84,2600.00,330.10,,200.00,25.46,,Cyl,40.00,40.00,z-z,,417.50,
Bradford (LRC_WMe),Wei & Han,2000,[121],Scp1-6,120.00,120.00,3.84,2600.00,330.10,,200.00,36.60,,Cyl,50.00,50.00,z-z,,423.40,
Bradford (LRC_WMe),Wei & Han,2000,[121],Scp2-1,140.00,140.00,3.84,2600.00,330.10,,200.00,23.55,,Cyl,15.00,15.00,z-z,,833.00,
Bradford (LRC_WMe),Wei & Han,2000,[121],Scp2-2,140.00,140.00,3.84,2600.00,330.10,,200.00,23.55,,Cyl,40.00,40.00,z-z,,615.40,
Bradford (LRC_WMe),Wei & Han,2000,[121],Scp2-3,140.00,140.00,3.84,2600.00,330.10,,200.00,23.55,,Cyl,60.00,60.00,z-z,,509.60,
Bradford (LRC_WMe),Wei & Han,2000,[121],Scp2-4,140.00,140.00,3.84,2600.00,330.10,,200.00,25.46,,Cyl,40.00,40.00,z-z,,558.60,
Bradford (LRC_WMe),Wei & Han,2000,[121],Scp2-5,140.00,140.00,3.84,2600.00,330.10,,200.00,36.60,,Cyl,60.00,60.00,z-z,,539.00,
Bradford (LRC_WMe),Wei & Han,2000,[121],Scp3-1,120.00,120.00,5.86,2600.00,321.10,,200.00,23.55,,Cyl,15.00,15.00,z-z,,754.60,
Bradford (LRC_WMe),Wei & Han,2000,[121],Scp3-2,120.00,120.00,5.86,2600.00,321.10,,200.00,23.55,,Cyl,30.00,30.00,z-z,,548.80,
Bradford (LRC_WMe),Wei & Han,2000,[121],Scp3-3,120.00,120.00,5.86,2600.00,321.10,,200.00,23.55,,Cyl,50.00,50.00,z-z,,510.60,
Bradford (LRC_WMe),Wei & Han,2000,[121],Scp4-1,140.00,140.00,5.86,2600.00,321.10,,200.00,19.22,,Cyl,15.00,15.00,z-z,,1014.30,
Bradford (LRC_WMe),Wei & Han,2000,[121],Scp4-2,140.00,140.00,5.86,2600.00,321.10,,200.00,19.22,,Cyl,30.00,30.00,z-z,,803.60,
Bradford (LRC_WMe),Wei & Han,2000,[121],Scp4-3,140.00,140.00,5.86,2600.00,321.10,,200.00,18.76,,Cyl,40.00,40.00,z-z,,735.00,
Bradford (LRC_WMe),Wei & Han,2000,[121],Scp4-4,140.00,140.00,5.86,2600.00,321.10,,200.00,18.76,,Cyl,60.00,60.00,z-z,,555.70,
Bradford (LRC_WMe),Wei & Han,2000,[121],Scp5-1,200.00,200.00,5.86,2600.00,321.10,,200.00,26.77,,Cyl,30.00,30.00,z-z,,1793.40,
Bradford (LRC_WMe),Wei & Han,2000,[121],Scp5-2,200.00,200.00,5.86,2600.00,321.10,,200.00,22.79,,Cyl,50.00,50.00,z-z,,1425.90,
Bradford (LRC_WMe),Wei & Han,2000,[121],Scp5-3,200.00,200.00,5.86,2600.00,321.10,,200.00,26.77,,Cyl,80.00,80.00,z-z,,1200.50,
Bradford (LRC_WMe),Han & Yao,2004,[17],lssc2-1,200.00,200.00,3.00,2310.00,303.50,,206.50,46.80,,Cyl,30.00,30.00,y-y,,1450.00,
Bradford (LRC_WMe),Han & Yao,2004,[17],lssc2-2,200.00,200.00,3.00,2310.00,303.50,,206.50,46.80,,Cyl,30.00,30.00,y-y,,1415.00,
Bradford (LRC_WMe),Han & Yao,2004,[17],lsh2-1,200.00,200.00,3.00,2310.00,303.50,,206.50,46.80,,Cyl,30.00,30.00,y-y,,1502.00,
Bradford (LRC_WMe),Han & Yao,2004,[17],lsh2-2,200.00,200.00,3.00,2310.00,303.50,,206.50,46.80,,Cyl,30.00,30.00,y-y,,1535.00,
Bradford (LRC_WMe),Han & Yao,2004,[17],lsv2,200.00,200.00,3.00,2310.00,303.50,,206.50,46.80,,Cyl,30.00,30.00,y-y,,1620.00,
Bradford (LRC_WMe),Zhang et al.,2004,[122],SA1,150.20,150.20,2.91,1110.00,319.30,,200.00,68.50,,Cyl,1.10,1.10,y-y,,2352.00,
Bradford (LRC_WMe),Zhang et al.,2004,[122],SA2,149.50,149.50,2.89,2200.00,319.30,,200.00,68.50,,Cyl,3.50,3.50,y-y,,2077.00,
Bradford (LRC_WMe),Zhang et al.,2004,[122],SA3,148.60,148.60,2.93,3101.00,319.30,,200.00,68.50,,Cyl,2.50,2.50,y-y,,1558.00,
Bradford (LRC_WMe),Zhang et al.,2004,[122],SA4,151.40,151.40,4.77,1085.00,316.60,,200.00,68.50,,Cyl,1.10,1.10,y-y,,2597.00,
Bradford (LRC_WMe),Zhang et al.,2004,[122],SA5,150.00,150.00,4.90,2201.00,316.60,,200.00,68.50,,Cyl,2.00,2.00,y-y,,2381.00,
Bradford (LRC_WMe),Zhang et al.,2004,[122],SA6,150.70,150.70,4.89,3100.00,316.60,,200.00,68.50,,Cyl,3.50,3.50,y-y,,1627.00,
Bradford (LRC_WMe),Zhang et al.,2004,[122],RA1,134.90,175.70,2.91,993.00,319.30,,200.00,68.50,,Cyl,1.00,1.00,y-y,,2401.00,
Bradford (LRC_WMe),Zhang et al.,2004,[122],RA2,136.30,176.50,2.91,1980.00,319.30,,200.00,68.50,,Cyl,3.00,3.00,y-y,,2283.00,
Bradford (LRC_WMe),Zhang et al.,2004,[122],RA3,124.60,199.30,2.92,921.00,319.30,,200.00,68.50,,Cyl,0.90,0.90,y-y,,2636.00,
Bradford (LRC_WMe),Zhang et al.,2004,[122],RA4,125.90,199.90,2.90,1829.00,319.30,,200.00,68.50,,Cyl,1.50,1.50,y-y,,2303.00,
Bradford (LRC_WMe),Zhang et al.,2004,[122],SE1,149.40,149.40,2.89,1090.00,319.30,,200.00,68.50,,Cyl,43.00,43.00,y-y,,1147.00,
Bradford (LRC_WMe),Zhang et al.,2004,[122],SE2,150.40,150.40,2.91,1115.00,319.30,,200.00,68.50,,Cyl,22.00,22.00,y-y,,1597.00,
Bradford (LRC_WMe),Zhang et al.,2004,[122],SE3,149.80,149.80,2.92,2203.00,319.30,,200.00,68.50,,Cyl,23.50,23.50,y-y,,1274.00,
Bradford (LRC_WMe),Zhang et al.,2004,[122],SE4,148.30,148.30,2.87,3101.00,319.30,,200.00,68.50,,Cyl,26.00,26.00,y-y,,941.00,
Bradford (LRC_WMe),Zhang et al.,2004,[122],SE5,152.10,152.10,4.82,1105.00,316.60,,200.00,68.50,,Cyl,41.50,41.50,y-y,,1416.00,
Bradford (LRC_WMe),Zhang et al.,2004,[122],SE6,150.60,150.60,4.88,1100.00,316.60,,200.00,68.50,,Cyl,21.10,21.10,y-y,,1901.00,
Bradford (LRC_WMe),Zhang et al.,2004,[122],SE7,150.80,150.80,4.86,2199.00,316.60,,200.00,68.50,,Cyl,21.00,21.00,y-y,,1519.00,
Bradford (LRC_WMe),Zhang et al.,2004,[122],SE8,150.40,150.40,4.86,3100.00,316.60,,200.00,68.50,,Cyl,25.50,25.50,y-y,,1103.00,
Bradford (LRC_WMe),Zhang et al.,2004,[122],RE1,135.70,176.20,2.91,988.00,319.30,,200.00,68.50,,Cyl,20.50,20.50,y-y,,1911.00,
Bradford (LRC_WMe),Zhang et al.,2004,[122],RE2,134.10,173.50,2.93,989.00,319.30,,200.00,68.50,,Cyl,41.00,41.00,y-y,,1343.00,
Bradford (LRC_WMe),Zhang et al.,2004,[122],RE3,134.80,174.90,2.93,988.00,319.30,,200.00,68.50,,Cyl,72.00,72.00,y-y,,823.00,
Bradford (LRC_WMe),Zhang et al.,2004,[122],RE4,136.40,174.60,2.89,1982.00,319.30,,200.00,68.50,,Cyl,21.00,21.00,y-y,,1588.00,
Bradford (LRC_WMe),Zhang et al.,2004,[122],RE5,137.20,176.20,4.82,990.00,316.60,,200.00,68.50,,Cyl,20.00,20.00,y-y,,2058.00,
Bradford (LRC_WMe),Zhang et al.,2004,[122],RE6,137.20,175.10,4.83,1980.00,316.60,,200.00,68.50,,Cyl,22.00,22.00,y-y,,1813.00,
Bradford (LRC_WMe),Zhang et al.,2004,[122],RE7,125.00,200.50,2.92,919.00,319.30,,200.00,68.50,,Cyl,41.00,41.00,y-y,,1529.00,
Bradford (LRC_WMe),Zhang et al.,2004,[122],RE8,125.10,201.40,2.90,1831.00,319.30,,200.00,68.50,,Cyl,38.00,38.00,y-y,,1548.00,
Bradford (LRC_WMe),Guo,2006,[123],R-K3-2,100.50,200.70,3.62,1800.00,283.60,,200.00,41.80,,Cyl,40.00,40.00,y-y,,1002.30,
Bradford (LRC_WMe),Guo,2006,[123],R-K3-5,99.40,200.40,3.64,1800.00,283.60,,200.00,41.80,,Cyl,30.00,30.00,z-z,,655.20,
Bradford (LRC_WMe),Guo,2006,[123],S-K2-1,149.00,149.00,3.64,450.00,283.60,,200.00,41.80,,Cyl,30.00,30.00,y-y,,1081.90,
Bradford (LRC_WMe),Guo,2006,[123],R-K1-2,99.30,148.90,3.63,450.00,283.60,,200.00,41.80,,Cyl,30.00,30.00,y-y,,856.50,
Bradford (LRC_WMe),Guo,2006,[123],R-K2-2,99.10,200.00,3.66,600.00,283.60,,200.00,41.80,,Cyl,40.00,40.00,y-y,,1036.80,
Bradford (LRC_WMe),Liu Dalin,2004,[124],E01,150.00,150.00,4.18,870.00,550.00,,200.00,56.64,,Cyl,30.00,30.00,y-y,,1678.00,
Bradford (LRC_WMe),Liu Dalin,2004,[124],E02,150.00,150.00,4.18,870.00,550.00,,200.00,65.68,,Cyl,30.00,30.00,y-y,,1850.00,
Bradford (LRC_WMe),Liu Dalin,2004,[124],E03,150.00,150.00,4.18,2170.00,550.00,,200.00,56.64,,Cyl,30.00,30.00,y-y,,1330.00,
Bradford (LRC_WMe),Liu Dalin,2004,[124],E04,150.00,150.00,4.18,2170.00,550.00,,200.00,65.68,,Cyl,60.00,60.00,y-y,,1020.00,
Bradford (LRC_WMe),Liu Dalin,2004,[124],E05,120.00,180.00,4.18,1040.00,550.00,,200.00,56.64,,Cyl,30.00,30.00,y-y,,1950.00,
Bradford (LRC_WMe),Liu Dalin,2004,[124],E06,120.00,180.00,4.18,1040.00,550.00,,200.00,65.68,,Cyl,70.00,70.00,y-y,,1140.00,
Bradford (LRC_WMe),Liu Dalin,2004,[124],E07,80.00,120.00,4.18,1740.00,550.00,,200.00,56.64,,Cyl,20.00,20.00,y-y,,660.00,
Bradford (LRC_WMe),Liu Dalin,2004,[124],E08,80.00,120.00,4.18,1740.00,550.00,,200.00,65.68,,Cyl,20.00,20.00,y-y,,855.00,
Bradford (LRC_WMe),Liu Dalin,2004,[124],E09,100.00,200.00,4.18,1150.00,550.00,,200.00,56.64,,Cyl,60.00,60.00,y-y,,1310.00,
Bradford (LRC_WMe),Liu Dalin,2004,[124],E10,100.00,200.00,4.18,1150.00,550.00,,200.00,65.68,,Cyl,40.00,40.00,y-y,,1800.00,
Bradford (LRC_WMe),Liu Dalin,2004,[124],E11,80.00,160.00,4.18,2310.00,550.00,,200.00,56.64,,Cyl,60.00,60.00,y-y,,670.00,
Bradford (LRC_WMe),Liu Dalin,2004,[124],E12,80.00,160.00,4.18,2310.00,550.00,,200.00,65.68,,Cyl,30.00,30.00,y-y,,1020.00,
Bradford (LRC_WMe),Guo & Zhang,2007,[58],R-K3-2,100.50,200.70,3.62,1800.00,289.00,,200.00,44.00,,Cyl,40.00,40.00,y-y,,983.00,
Bradford (LRC_WMe),Guo & Zhang,2007,[58],R-K3-5,200.40,99.40,3.64,1800.00,289.00,,200.00,44.00,,Cyl,30.00,30.00,z-z,,655.00,
Mark (RCFT_C+PBC),Knowles & Park,1969,[25],BeamColumn-7,76.20,76.20,3.35,812.80,324.05,,375.76,41.37,,Cyl,7.62,7.62,y-y,,345.85,
Mark (RCFT_C+PBC),Knowles & Park,1969,[25],BeamColumn-8,76.20,76.20,3.35,1422.40,324.05,,375.76,41.37,,Cyl,7.62,7.62,y-y,,281.13,
Mark (RCFT_C+PBC),Knowles & Park,1969,[25],BeamColumn-9,76.20,76.20,3.35,812.80,324.05,,375.76,41.37,,Cyl,25.40,25.40,y-y,,216.41,
Mark (RCFT_C+PBC),Knowles & Park,1969,[25],BeamColumn-10,76.20,76.20,3.35,1422.40,324.05,,375.76,41.37,,Cyl,25.40,25.40,y-y,,156.35,
Mark (RCFT_C+PBC),Bridge,1976,[49],SHC-1,203.70,203.90,9.96,2130.00,291.00,,,29.90,,Cyl,38.00,38.00,y-y,,1956.00,
Mark (RCFT_C+PBC),Bridge,1976,[49],SHC-7,152.50,152.30,6.48,3050.00,254.00,,,31.10,,Cyl,38.00,38.00,z-z,,680.00,
Mark (RCFT_C+PBC),Bridge,1976,[49],SHC-8,152.50,152.30,6.48,3050.00,254.00,,,31.10,,Cyl,64.00,64.00,z-z,,513.00,
Mark (RCFT_C+PBC),Shakir-Khalil & Zeghiche,1989,[50],2,80.00,120.00,4.50,3210.00,386.30,,,40.00,,Cyl,24.00,24.00,y-y,,393.00,
Mark (RCFT_C+PBC),Shakir-Khalil & Zeghiche,1989,[50],3,80.00,120.00,4.47,3210.00,384.70,,,40.00,,Cyl,60.00,60.00,y-y,,232.00,
Mark (RCFT_C+PBC),Shakir-Khalil & Zeghiche,1989,[50],4,80.00,120.00,4.47,2940.00,384.70,,,44.00,,Cyl,16.00,16.00,z-z,,260.00,
Mark (RCFT_C+PBC),Shakir-Khalil & Zeghiche,1989,[50],5,80.00,120.00,4.47,2940.00,343.30,,,43.00,,Cyl,40.00,40.00,z-z,,210.00,
Mark (RCFT_C+PBC),Shakir-Khalil & Mouli,1990,[51],1,80.00,120.00,5.00,2940.00,357.50,,,35.70,,Cyl,8.00,8.00,z-z,,407.20,
Mark (RCFT_C+PBC),Matsui & Tsuda,1996,[72],C4-1,150.00,150.00,4.50,600.00,438.36,490.33,,31.87,,Cyl,25.00,25.00,y-y,,1183.66,
Mark (RCFT_C+PBC),Matsui & Tsuda,1996,[72],C4-3,150.00,150.00,4.50,600.00,438.36,490.33,,31.87,,Cyl,75.00,75.00,y-y,,733.54,
Mark (RCFT_C+PBC),Matsui & Tsuda,1996,[72],C4-5,150.00,150.00,4.50,600.00,438.36,490.33,,31.87,,Cyl,125.00,125.00,y-y,,513.87,
Mark (RCFT_C+PBC),Matsui & Tsuda,1996,[72],C8-1,150.00,150.00,4.50,1200.00,438.36,490.33,,31.87,,Cyl,25.00,25.00,y-y,,1132.67,
Mark (RCFT_C+PBC),Matsui & Tsuda,1996,[72],C8-3,150.00,150.00,4.50,1200.00,438.36,490.33,,31.87,,Cyl,75.00,75.00,y-y,,664.89,
Mark (RCFT_C+PBC),Matsui & Tsuda,1996,[72],C8-5,150.00,150.00,4.50,1200.00,438.36,490.33,,31.87,,Cyl,125.00,125.00,y-y,,484.45,
Mark (RCFT_C+PBC),Matsui & Tsuda,1996,[72],C12-1,150.00,150.00,4.50,1800.00,438.36,490.33,,31.87,,Cyl,25.00,25.00,y-y,,1024.79,
Mark (RCFT_C+PBC),Matsui & Tsuda,1996,[72],C12-3,150.00,150.00,4.50,1800.00,438.36,490.33,,31.87,,Cyl,75.00,75.00,y-y,,630.57,
Mark (RCFT_C+PBC),Matsui & Tsuda,1996,[72],C12-5,150.00,150.00,4.50,1800.00,438.36,490.33,,31.87,,Cyl,125.00,125.00,y-y,,445.22,
Mark (RCFT_C+PBC),Matsui & Tsuda,1996,[72],C18-1,150.00,150.00,4.50,2700.00,438.36,490.33,,31.87,,Cyl,25.00,25.00,y-y,,846.31,
Mark (RCFT_C+PBC),Matsui & Tsuda,1996,[72],C18-3,150.00,150.00,4.50,2700.00,438.36,490.33,,31.87,,Cyl,75.00,75.00,y-y,,553.10,
Mark (RCFT_C+PBC),Matsui & Tsuda,1996,[72],C18-5,150.00,150.00,4.50,2700.00,438.36,490.33,,31.87,,Cyl,125.00,125.00,y-y,,390.30,
Mark (RCFT_C+PBC),Matsui & Tsuda,1996,[72],C24-1,150.00,150.00,4.50,3600.00,438.36,490.33,,31.87,,Cyl,25.00,25.00,y-y,,705.10,
Mark (RCFT_C+PBC),Matsui & Tsuda,1996,[72],C24-3,150.00,150.00,4.50,3600.00,438.36,490.33,,31.87,,Cyl,75.00,75.00,y-y,,441.30,
Mark (RCFT_C+PBC),Matsui & Tsuda,1996,[72],C24-5,150.00,150.00,4.50,3600.00,438.36,490.33,,31.87,,Cyl,125.00,125.00,y-y,,325.58,
Mark (RCFT_C+PBC),Matsui & Tsuda,1996,[72],C30-1,150.00,150.00,4.50,4500.00,438.36,490.33,,31.87,,Cyl,25.00,25.00,y-y,,588.40,
Mark (RCFT_C+PBC),Matsui & Tsuda,1996,[72],C30-3,150.00,150.00,4.50,4500.00,438.36,490.33,,31.87,,Cyl,75.00,75.00,y-y,,372.65,
Mark (RCFT_C+PBC),Matsui & Tsuda,1996,[72],C30-5,150.00,150.00,4.50,4500.00,438.36,490.33,,31.87,,Cyl,125.00,125.00,y-y,,276.55,
Mark (RCFT_C+PBC),Han & Yao,2003a,[15],M-4-1,130.00,195.00,2.65,780.00,340.10,,,22.00,,Cyl,14.00,14.00,z-z,,872.00,
Mark (RCFT_C+PBC),Han & Yao,2003a,[15],M-4-2,130.00,195.00,2.65,780.00,340.10,,,22.00,,Cyl,14.00,14.00,z-z,,812.00,
Mark (RCFT_C+PBC),Han & Yao,2003a,[15],H-4-1,130.00,195.00,2.65,780.00,340.10,,,22.00,,Cyl,14.00,14.00,z-z,,732.00,
Mark (RCFT_C+PBC),Han & Yao,2003a,[15],H-4-2,130.00,195.00,2.65,780.00,340.10,,,22.00,,Cyl,14.00,14.00,z-z,,740.00,
Mark (RCFT_C+PBC),Han & Yao,2003a,[15],M-5-1,130.00,195.00,2.65,780.00,340.10,,,22.00,,Cyl,31.00,31.00,z-z,,646.00,
Mark (RCFT_C+PBC),Han & Yao,2003a,[15],M-5-2,130.00,195.00,2.65,780.00,340.10,,,22.00,,Cyl,31.00,31.00,z-z,,610.00,
Mark (RCFT_C+PBC),Han & Yao,2003a,[15],H-5-1,130.00,195.00,2.65,780.00,340.10,,,22.00,,Cyl,31.00,31.00,z-z,,500.00,
Mark (RCFT_C+PBC),Han & Yao,2003a,[15],H-5-2,130.00,195.00,2.65,780.00,340.10,,,22.00,,Cyl,31.00,31.00,z-z,,514.00,
Mark (RCFT_C+PBC),Han & Yao,2003a,[15],M-7-1,130.00,195.00,2.65,2340.00,340.10,,,22.00,,Cyl,14.00,14.00,z-z,,670.00,
Mark (RCFT_C+PBC),Han & Yao,2003a,[15],M-7-2,130.00,195.00,2.65,2340.00,340.10,,,22.00,,Cyl,14.00,14.00,z-z,,635.00,
Mark (RCFT_C+PBC),Han & Yao,2003a,[15],H-7-1,130.00,195.00,2.65,2340.00,340.10,,,22.00,,Cyl,14.00,14.00,z-z,,525.00,
Mark (RCFT_C+PBC),Han & Yao,2003a,[15],H-7-2,130.00,195.00,2.65,2340.00,340.10,,,22.00,,Cyl,14.00,14.00,z-z,,500.00,
Mark (RCFT_C+PBC),Han & Yao,2003b,[16],S-2,120.00,120.00,2.65,360.00,340.00,,,20.10,,Cyl,14.00,14.00,y-y,,533.00,
Mark (RCFT_C+PBC),Han & Yao,2003b,[16],SP-2,120.00,120.00,2.65,360.00,340.00,,,20.10,,Cyl,14.00,14.00,y-y,,538.00,PreloadedSteel
Mark (RCFT_C+PBC),Han & Yao,2003b,[16],S-4,120.00,120.00,2.65,360.00,340.00,,,36.00,,Cyl,14.00,14.00,y-y,,600.00,
Mark (RCFT_C+PBC),Han & Yao,2003b,[16],SP-4,120.00,120.00,2.65,360.00,340.00,,,36.00,,Cyl,14.00,14.00,y-y,,622.00,PreloadedSteel
Mark (RCFT_C+PBC),Han & Yao,2003b,[16],SP-5,120.00,120.00,2.65,360.00,340.00,,,36.00,,Cyl,14.00,14.00,y-y,,650.00,PreloadedSteel
Mark (RCFT_C+PBC),Han & Yao,2003b,[16],SP-6,120.00,120.00,2.65,360.00,340.00,,,36.00,,Cyl,31.00,31.00,y-y,,500.00,PreloadedSteel
Mark (RCFT_C+PBC),Han & Yao,2003b,[16],L-1,120.00,120.00,2.65,1400.00,340.00,,,36.00,,Cyl,14.00,14.00,y-y,,590.00,
Mark (RCFT_C+PBC),Han & Yao,2003b,[16],LP-1,120.00,120.00,2.65,1400.00,340.00,,,36.00,,Cyl,14.00,14.00,y-y,,560.00,PreloadedSteel
Mark (RCFT_C+PBC),Han & Yao,2003b,[16],LP-3,120.00,120.00,2.65,1400.00,340.00,,,36.00,,Cyl,14.00,14.00,y-y,,552.00,PreloadedSteel
Mark (RCFT_C+PBC),Han & Yao,2003b,[16],LP-4,120.00,120.00,2.65,1400.00,340.00,,,36.00,,Cyl,31.00,31.00,y-y,,452.00,PreloadedSteel
Mark (RCFT_C+PBC),Han & Yao,2003b,[16],L-5,120.00,120.00,2.65,1400.00,340.00,,,30.00,,Cyl,31.00,31.00,y-y,,412.00,
Mark (RCFT_C+PBC),Han & Yao,2003b,[16],LP-6,120.00,120.00,2.65,1400.00,340.00,,,30.00,,Cyl,31.00,31.00,y-y,,397.00,PreloadedSteel
Mark (RCFT_C+PBC),Han & Yao,2003b,[16],LP-7,120.00,120.00,2.65,1400.00,340.00,,,30.00,,Cyl,31.00,31.00,y-y,,390.00,PreloadedSteel
Mark (RCFT_C+PBC),Mursi & Uy,2003,[57],SL-C110,120.00,120.00,5.00,3020.00,761.00,813.00,,20.34,,Cyl,8.00,8.00,y-y,,1481.00,Tubes had stiffener plates at the member ends
Mark (RCFT_C+PBC),Mursi & Uy,2003,[57],SL-C160,170.00,170.00,5.00,3020.00,761.00,813.00,,20.34,,Cyl,15.00,15.00,y-y,,2126.00,Tubes had stiffener plates at the member ends
Mark (RCFT_C+PBC),Mursi & Uy,2003,[57],SL-C210,220.00,220.00,5.00,3020.00,761.00,813.00,,20.34,,Cyl,18.00,18.00,y-y,,2939.00,Tubes had stiffener plates at the member ends
Mark (RCFT_C+PBC),Mursi & Uy,2003,[57],SL-C260,270.00,270.00,5.00,3020.00,761.00,813.00,,20.34,,Cyl,23.00,23.00,y-y,,3062.00,Tubes had stiffener plates at the member ends
Mark (RCFT_C+PBC),Fujimoto et al. ,2004,[92],ER4-A-4-19,149.00,149.00,4.38,648.00,262.00,411.00,,40.50,,Cyl,200.00,200.00,y-y,,267.00,
Mark (RCFT_C+PBC),Fujimoto et al. ,2004,[92],ER4-A-4-57,148.00,148.00,4.38,648.00,262.00,411.00,,40.50,,Cyl,45.00,45.00,y-y,,823.00,
Mark (RCFT_C+PBC),Fujimoto et al. ,2004,[92],ER4-C-2-25,215.00,215.00,4.38,648.00,262.00,411.00,,25.40,,Cyl,200.00,200.00,y-y,,503.00,
Mark (RCFT_C+PBC),Fujimoto et al. ,2004,[92],ER4-C-2-56,214.00,214.00,4.38,648.00,262.00,411.00,,25.40,,Cyl,60.00,60.00,y-y,,1141.00,
Mark (RCFT_C+PBC),Fujimoto et al. ,2004,[92],ER4-C-4-21,215.00,215.00,4.38,648.00,262.00,411.00,,40.50,,Cyl,200.00,200.00,y-y,,580.00,
Mark (RCFT_C+PBC),Fujimoto et al. ,2004,[92],ER4-C-4-38,215.00,215.00,4.38,648.00,262.00,411.00,,40.50,,Cyl,100.00,100.00,y-y,,1028.00,
Mark (RCFT_C+PBC),Fujimoto et al. ,2004,[92],ER4-C-4-51,215.00,215.00,4.38,648.00,262.00,411.00,,40.50,,Cyl,60.00,60.00,y-y,,1369.00,
Mark (RCFT_C+PBC),Fujimoto et al. ,2004,[92],ER4-C-8-33,214.00,214.00,4.38,648.00,262.00,411.00,,77.00,,Cyl,100.00,100.00,y-y,,1448.00,
Mark (RCFT_C+PBC),Fujimoto et al. ,2004,[92],ER4-C-8-46,215.00,215.00,4.38,648.00,262.00,411.00,,77.00,,Cyl,60.00,60.00,y-y,,2014.00,
Mark (RCFT_C+PBC),Fujimoto et al. ,2004,[92],ER4-D-4-27,323.00,323.00,4.38,648.00,262.00,411.00,,40.50,,Cyl,200.00,200.00,y-y,,1479.00,
Mark (RCFT_C+PBC),Fujimoto et al. ,2004,[92],ER4-D-4-60,323.00,323.00,4.38,648.00,262.00,411.00,,40.50,,Cyl,60.00,60.00,y-y,,3306.00,
Mark (RCFT_C+PBC),Fujimoto et al. ,2004,[92],ER6-A-4-22,144.00,144.00,6.36,648.00,618.00,673.00,,40.50,,Cyl,200.00,200.00,y-y,,611.00,
Mark (RCFT_C+PBC),Fujimoto et al. ,2004,[92],ER6-A-4-61,144.00,144.00,6.36,648.00,618.00,673.00,,40.50,,Cyl,45.00,45.00,y-y,,1701.00,
Mark (RCFT_C+PBC),Fujimoto et al. ,2004,[92],ER6-C-2-58,210.00,210.00,6.36,648.00,618.00,673.00,,25.40,,Cyl,60.00,60.00,y-y,,2393.00,
Mark (RCFT_C+PBC),Fujimoto et al. ,2004,[92],ER6-C-4-18,210.00,210.00,6.36,648.00,618.00,673.00,,40.50,,Cyl,300.00,300.00,y-y,,858.00,Weld failure prior to maximum strength
Mark (RCFT_C+PBC),Fujimoto et al. ,2004,[92],ER6-C-4-44,210.00,210.00,6.36,648.00,618.00,673.00,,40.50,,Cyl,100.00,100.00,y-y,,2092.00,
Mark (RCFT_C+PBC),Fujimoto et al. ,2004,[92],ER6-C-4-57,209.00,209.00,6.36,648.00,618.00,673.00,,40.50,,Cyl,60.00,60.00,y-y,,2694.00,
Mark (RCFT_C+PBC),Fujimoto et al. ,2004,[92],ER6-C-8-24,210.00,210.00,6.36,648.00,618.00,673.00,,77.00,,Cyl,200.00,200.00,y-y,,1486.00,Weld failure after maximum strength
Mark (RCFT_C+PBC),Fujimoto et al. ,2004,[92],ER6-C-8-54,210.00,210.00,6.36,648.00,618.00,673.00,,77.00,,Cyl,60.00,60.00,y-y,,3396.00,
Mark (RCFT_C+PBC),Fujimoto et al. ,2004,[92],ER6-D-4-23,319.00,319.00,6.36,648.00,618.00,673.00,,40.50,,Cyl,300.00,300.00,y-y,,1969.00,Weld failure prior to maximum strength
Mark (RCFT_C+PBC),Fujimoto et al. ,2004,[92],ER6-D-4-47,319.00,319.00,6.36,648.00,618.00,673.00,,40.50,,Cyl,100.00,100.00,y-y,,4045.00,
Mark (RCFT_C+PBC),Han & Yao,2004,[16],lssc2-1,200.00,200.00,3.00,2310.00,303.50,,,58.50,,Cyl,30.00,30.00,y-y,,1450.00,
Mark (RCFT_C+PBC),Han & Yao,2004,[16],lssc2-2,200.00,200.00,3.00,2310.00,303.50,,,58.50,,Cyl,30.00,30.00,y-y,,1415.00,
Mark (RCFT_C+PBC),Han & Yao,2004,[16],lsh2-1,200.00,200.00,3.00,2310.00,303.50,,,58.50,,Cyl,30.00,30.00,y-y,,1502.00,
Mark (RCFT_C+PBC),Han & Yao,2004,[16],lsh2-2,200.00,200.00,3.00,2310.00,303.50,,,58.50,,Cyl,30.00,30.00,y-y,,1535.00,
Mark (RCFT_C+PBC),Han & Yao,2004,[16],lsv2,200.00,200.00,3.00,2310.00,303.50,,,58.50,,Cyl,30.00,30.00,y-y,,1620.00,
Mark (RCFT_C+PBC),Tao et al.,2007,[95],UCFT1-2,200.00,200.00,2.50,1190.00,270.00,346.00,,58.30,,Cyl,30.00,30.00,y-y,,1760.00,
Mark (RCFT_C+PBC),Tao et al.,2007,[95],UCFT1-3,200.00,200.00,2.50,1190.00,270.00,346.00,,58.30,,Cyl,60.00,60.00,y-y,,1130.00,
Mark (RCFT_C+PBC),Tao et al.,2007,[95],UCFT2-2,200.00,200.00,2.50,2340.00,270.00,346.00,,58.30,,Cyl,30.00,30.00,y-y,,1660.00,
Mark (RCFT_C+PBC),Tao et al.,2007,[95],UCFT2-3,200.00,200.00,2.50,2340.00,270.00,346.00,,58.30,,Cyl,60.00,60.00,y-y,,1068.00,
Mark (RCFT_C+PBC),Zhang & Guo,2007,[96],SA1,150.20,150.20,2.91,1110.00,319.30,,,94.10,,Cyl,1.10,1.10,y-y,,2352.00,
Mark (RCFT_C+PBC),Zhang & Guo,2007,[96],SA2,149.50,149.50,2.89,2200.00,319.30,,,94.10,,Cyl,3.50,3.50,y-y,,2077.00,
Mark (RCFT_C+PBC),Zhang & Guo,2007,[96],SA3,148.60,148.60,2.93,3101.00,319.30,,,94.10,,Cyl,2.50,2.50,y-y,,1558.00,
Mark (RCFT_C+PBC),Zhang & Guo,2007,[96],SA4,151.40,151.40,4.77,1085.00,316.60,,,94.10,,Cyl,1.10,1.10,y-y,,2597.00,
Mark (RCFT_C+PBC),Zhang & Guo,2007,[96],SA5,150.00,150.00,4.90,2201.00,316.60,,,94.10,,Cyl,2.00,2.00,y-y,,2381.00,
Mark (RCFT_C+PBC),Zhang & Guo,2007,[96],SA6,150.70,150.70,4.89,3100.00,316.60,,,94.10,,Cyl,3.50,3.50,y-y,,1627.00,
Mark (RCFT_C+PBC),Zhang & Guo,2007,[96],RA1,175.70,134.90,2.91,993.00,319.30,,,94.10,,Cyl,1.00,1.00,y-y,,2401.00,
Mark (RCFT_C+PBC),Zhang & Guo,2007,[96],RA2,176.50,136.30,2.91,1980.00,319.30,,,94.10,,Cyl,3.00,3.00,y-y,,2283.00,
Mark (RCFT_C+PBC),Zhang & Guo,2007,[96],RA3,199.30,124.60,2.92,921.00,319.30,,,94.10,,Cyl,0.90,0.90,y-y,,2636.00,
Mark (RCFT_C+PBC),Zhang & Guo,2007,[96],RA4,199.90,125.90,2.90,1829.00,319.30,,,94.10,,Cyl,1.50,1.50,y-y,,2303.00,
Mark (RCFT_C+PBC),Zhang & Guo,2007,[96],SE1,149.40,149.40,2.89,1090.00,319.30,,,94.10,,Cyl,43.00,43.00,y-y,,1147.00,
Mark (RCFT_C+PBC),Zhang & Guo,2007,[96],SE2,150.40,150.40,2.91,1115.00,319.30,,,94.10,,Cyl,22.00,22.00,y-y,,1597.00,
Mark (RCFT_C+PBC),Zhang & Guo,2007,[96],SE3,149.80,149.80,2.92,2203.00,319.30,,,94.10,,Cyl,23.50,23.50,y-y,,1274.00,
Mark (RCFT_C+PBC),Zhang & Guo,2007,[96],SE4,148.30,148.30,2.87,3101.00,319.30,,,94.10,,Cyl,26.00,26.00,y-y,,941.00,
Mark (RCFT_C+PBC),Zhang & Guo,2007,[96],SE5,152.10,152.10,4.82,1105.00,316.60,,,94.10,,Cyl,41.50,41.50,y-y,,1416.00,
Mark (RCFT_C+PBC),Zhang & Guo,2007,[96],SE6,150.60,150.60,4.88,1100.00,316.60,,,94.10,,Cyl,21.10,21.10,y-y,,1901.00,
Mark (RCFT_C+PBC),Zhang & Guo,2007,[96],SE7,150.80,150.80,4.86,2199.00,316.60,,,94.10,,Cyl,21.00,21.00,y-y,,1519.00,
Mark (RCFT_C+PBC),Zhang & Guo,2007,[96],SE8,150.40,150.40,4.86,3100.00,316.60,,,94.10,,Cyl,25.50,25.50,y-y,,1103.00,
Mark (RCFT_C+PBC),Zhang & Guo,2007,[96],RE1,176.20,135.70,2.91,988.00,319.30,,,94.10,,Cyl,20.50,20.50,z-z,,1911.00,
Mark (RCFT_C+PBC),Zhang & Guo,2007,[96],RE2,173.50,134.10,2.93,989.00,319.30,,,94.10,,Cyl,41.00,41.00,z-z,,1343.00,
Mark (RCFT_C+PBC),Zhang & Guo,2007,[96],RE3,174.90,134.80,2.93,988.00,319.30,,,94.10,,Cyl,72.00,72.00,z-z,,823.00,
Mark (RCFT_C+PBC),Zhang & Guo,2007,[96],RE4,174.60,136.40,2.89,1982.00,319.30,,,94.10,,Cyl,21.00,21.00,z-z,,1588.00,
Mark (RCFT_C+PBC),Zhang & Guo,2007,[96],RE5,176.20,137.20,4.82,990.00,316.60,,,94.10,,Cyl,20.00,20.00,z-z,,2058.00,
Mark (RCFT_C+PBC),Zhang & Guo,2007,[96],RE6,175.10,137.20,4.83,1980.00,316.60,,,94.10,,Cyl,22.00,22.00,z-z,,1813.00,
Mark (RCFT_C+PBC),Zhang & Guo,2007,[96],RE7,200.50,125.00,2.92,919.00,319.30,,,94.10,,Cyl,21.00,21.00,z-z,,1529.00,
Mark (RCFT_C+PBC),Zhang & Guo,2007,[96],RE8,201.40,125.10,2.90,1831.00,319.30,,,94.10,,Cyl,38.00,38.00,z-z,,1548.00,
Mark (RCFT_C+PBC),Yu et al.,2008,[81],S150-3,100.00,100.00,1.90,1500.00,404.00,,,121.60,,Cyl,15.00,15.00,y-y,,559.00,
Mark (RCFT_C+PBC),Yu et al.,2008,[81],S150-4,100.00,100.00,1.90,1500.00,404.00,,,121.60,,Cyl,15.00,15.00,y-y,,660.00,
Mark (RCFT_C+PBC),Yu et al.,2008,[81],S150-5,100.00,100.00,1.90,1500.00,404.00,,,121.60,,Cyl,30.00,30.00,y-y,,395.00,
Mark (RCFT_C+PBC),Yu et al.,2008,[81],S150-6,100.00,100.00,1.90,1500.00,404.00,,,121.60,,Cyl,30.00,30.00,y-y,,390.00,
Mark (RCFT_C+PBC),Hernandez-Figueirido et al.,2012a,[97],S100.100.4_2_90.275_20.-10a,100.00,100.00,4.00,2135.00,371.39,,,93.03,,Cyl,20.00,-10.00,y-y,,758.50,
Mark (RCFT_C+PBC),Hernandez-Figueirido et al.,2012a,[97],S100.100.4_2_90.275_50.50,100.00,100.00,4.00,2135.00,358.29,,,91.44,,Cyl,50.00,50.00,y-y,,321.12,
Mark (RCFT_C+PBC),Hernandez-Figueirido et al.,2012a,[97],S100.100.4_2_90.275_50.50a,100.00,100.00,4.00,2135.00,371.39,,,93.02,,Cyl,50.00,50.00,y-y,,323.15,
Mark (RCFT_C+PBC),Hernandez-Figueirido et al.,2012a,[97],S100.100.4_3_90.275_20.-10,100.00,100.00,4.00,3135.00,353.23,,,97.67,,Cyl,20.00,-10.00,y-y,,502.88,
Mark (RCFT_C+PBC),Hernandez-Figueirido et al.,2012a,[97],S100.100.4_3_90.275_20.00,100.00,100.00,4.00,3135.00,363.27,,,92.97,,Cyl,20.00,0.00,y-y,,410.40,
Mark (RCFT_C+PBC),Hernandez-Figueirido et al.,2012a,[97],S100.100.4_3_90.275_20.10,100.00,100.00,4.00,3135.00,280.00,,,86.95,,Cyl,20.00,10.00,y-y,,363.61,
Mark (RCFT_C+PBC),Hernandez-Figueirido et al.,2012a,[97],S100.100.4_3_90.275_20.20,100.00,100.00,4.00,3135.00,375.77,,,74.42,,Cyl,20.00,20.00,y-y,,381.47,
Mark (RCFT_C+PBC),Hernandez-Figueirido et al.,2012a,[97],S100.100.4_3_90.275_50.-25,100.00,100.00,4.00,3135.00,358.28,,,96.42,,Cyl,50.00,-25.00,y-y,,357.35,
Mark (RCFT_C+PBC),Hernandez-Figueirido et al.,2012a,[97],S100.100.4_3_90.275_50.00,100.00,100.00,4.00,3135.00,346.28,,,92.14,,Cyl,50.00,0.00,y-y,,316.24,
Mark (RCFT_C+PBC),Hernandez-Figueirido et al.,2012a,[97],S100.100.4_3_90.275_50.25,100.00,100.00,4.00,3135.00,358.29,,,90.43,,Cyl,50.00,25.00,y-y,,218.65,
Mark (RCFT_C+PBC),Hernandez-Figueirido et al.,2012a,[97],S100.100.4_3_90.275_50.50,100.00,100.00,4.00,3135.00,292.70,,,87.30,,Cyl,50.00,50.00,y-y,,230.31,
Mark (RCFT_C+PBC),Hernandez-Figueirido et al.,2012a,[97],S100.100.4_4_90.275_20.-10,100.00,100.00,4.00,4135.00,280.00,,,88.28,,Cyl,20.00,-10.00,y-y,,367.76,
Mark (RCFT_C+PBC),Hernandez-Figueirido et al.,2012a,[97],S100.100.4_4_90.275_20.10,100.00,100.00,4.00,4135.00,280.00,,,96.89,,Cyl,20.00,10.00,y-y,,254.93,
Mark (RCFT_C+PBC),Hernandez-Figueirido et al.,2012a,[97],S100.100.4_4_90.275_20.20,100.00,100.00,4.00,4135.00,280.00,,,94.99,,Cyl,20.00,20.00,y-y,,220.33,
Mark (RCFT_C+PBC),Hernandez-Figueirido et al.,2012a,[97],S100.100.4_4_90.275_50.25,100.00,100.00,4.00,4135.00,369.30,,,92.31,,Cyl,50.00,25.00,y-y,,184.33,
Mark (RCFT_C+PBC),Hernandez-Figueirido et al.,2012a,[97],R100.150.4_2_90.275_50.50,150.00,100.00,4.00,2135.00,341.86,,,77.38,,Cyl,50.00,50.00,z-z,,466.38,
Mark (RCFT_C+PBC),Hernandez-Figueirido et al.,2012a,[97],R100.150.4_3_90.275_20.-10,150.00,100.00,4.00,3135.00,280.00,,,91.39,,Cyl,20.00,-10.00,z-z,,690.02,
Mark (RCFT_C+PBC),Hernandez-Figueirido et al.,2012a,[97],R100.150.4_3_90.275_20.00,150.00,100.00,4.00,3135.00,280.00,,,84.00,,Cyl,20.00,0.00,z-z,,562.03,
Mark (RCFT_C+PBC),Hernandez-Figueirido et al.,2012a,[97],R100.150.4_3_90.275_20.10,150.00,100.00,4.00,3135.00,342.06,,,89.20,,Cyl,20.00,10.00,z-z,,501.48,
Mark (RCFT_C+PBC),Hernandez-Figueirido et al.,2012a,[97],R100.150.4_3_90.275_20.20,150.00,100.00,4.00,3135.00,298.50,,,84.47,,Cyl,20.00,20.00,z-z,,460.83,
Mark (RCFT_C+PBC),Hernandez-Figueirido et al.,2012a,[97],R100.150.4_3_90.275_50.-25,150.00,100.00,4.00,3135.00,308.46,,,92.26,,Cyl,50.00,-25.00,z-z,,502.81,
Mark (RCFT_C+PBC),Hernandez-Figueirido et al.,2012a,[97],R100.150.4_3_90.275_50.00,150.00,100.00,4.00,3135.00,362.79,,,91.59,,Cyl,50.00,0.00,z-z,,430.95,
Mark (RCFT_C+PBC),Hernandez-Figueirido et al.,2012a,[97],R100.150.4_3_90.275_50.25,150.00,100.00,4.00,3135.00,312.31,,,91.65,,Cyl,50.00,25.00,z-z,,287.38,
Mark (RCFT_C+PBC),Hernandez-Figueirido et al.,2012a,[97],R100.150.4_3_90.275_50.50,150.00,100.00,4.00,3135.00,341.86,,,89.69,,Cyl,50.00,50.00,z-z,,309.60,
Mark (RCFT_C+PBC),Hernandez-Figueirido et al.,2012a,[97],R100.150.5_3_90.275_20.-10,150.00,100.00,5.00,3135.00,336.27,,,91.69,,Cyl,20.00,-10.00,z-z,,692.62,
Mark (RCFT_C+PBC),Hernandez-Figueirido et al.,2012a,[97],R100.150.5_3_90.275_20.00,150.00,100.00,5.00,3135.00,370.39,,,79.72,,Cyl,20.00,0.00,z-z,,690.80,
Mark (RCFT_C+PBC),Hernandez-Figueirido et al.,2012a,[97],R100.150.5_3_90.275_20.10,150.00,100.00,5.00,3135.00,424.50,,,85.19,,Cyl,20.00,10.00,z-z,,622.30,
Mark (RCFT_C+PBC),Hernandez-Figueirido et al.,2012a,[97],R100.150.5_3_90.275_20.20,150.00,100.00,5.00,3135.00,459.82,,,91.04,,Cyl,20.00,20.00,z-z,,573.32,
Mark (RCFT_C+PBC),Hernandez-Figueirido et al.,2012a,[97],R100.150.5_3_90.275_50.-25,150.00,100.00,5.00,3135.00,306.38,,,85.06,,Cyl,50.00,-25.00,z-z,,548.45,
Mark (RCFT_C+PBC),Hernandez-Figueirido et al.,2012a,[97],R100.150.5_3_90.275_50.00,150.00,100.00,5.00,3135.00,396.01,,,87.39,,Cyl,50.00,0.00,z-z,,456.38,
Mark (RCFT_C+PBC),Hernandez-Figueirido et al.,2012a,[97],R100.150.5_3_90.275_50.25,150.00,100.00,5.00,3135.00,332.97,,,91.26,,Cyl,50.00,25.00,z-z,,328.50,
Mark (RCFT_C+PBC),Hernandez-Figueirido et al.,2012a,[97],R100.150.5_3_90.275_50.50,150.00,100.00,5.00,3135.00,368.09,,,82.54,,Cyl,50.00,50.00,z-z,,381.06,
Mark (RCFT_C+PBC),Hernandez-Figueirido et al.,2012b,[98],S100.100.4_90.275_20.20,100.00,100.00,4.00,2135.00,357.70,,,88.30,,Cyl,20.00,20.00,y-y,,490.70,
Mark (RCFT_C+PBC),Hernandez-Figueirido et al.,2012b,[98],S100.100.4_30.275_20.20,100.00,100.00,4.00,2135.00,292.70,,,36.40,,Cyl,20.00,20.00,y-y,,380.80,
Mark (RCFT_C+PBC),Hernandez-Figueirido et al.,2012b,[98],R100.150.4_90.275_20.20,150.00,100.00,4.00,2135.00,298.50,,,86.40,,Cyl,20.00,20.00,y-y,,804.30,
Mark (RCFT_C+PBC),Hernandez-Figueirido et al.,2012b,[98],R100.150.4_30.275_20.20,150.00,100.00,4.00,2135.00,312.30,,,30.70,,Cyl,20.00,20.00,y-y,,535.80,
Mark (RCFT_C+PBC),Hernandez-Figueirido et al.,2012b,[98],R100.150.5_90.275_20.20,150.00,100.00,5.00,2135.00,459.80,,,83.00,,Cyl,20.00,20.00,y-y,,935.00,
Mark (RCFT_C+PBC),Hernandez-Figueirido et al.,2012b,[98],R100.150.5_30.275_20.20,150.00,100.00,5.00,2135.00,332.90,,,32.80,,Cyl,20.00,20.00,y-y,,605.60,
Mark (RCFT_C+PBC),Hernandez-Figueirido et al.,2012b,[98],S100.100.4_90.275_50.50,100.00,100.00,4.00,2135.00,358.20,,,91.40,,Cyl,50.00,50.00,y-y,,321.10,
Mark (RCFT_C+PBC),Hernandez-Figueirido et al.,2012b,[98],S100.100.4_30.275_50.50,100.00,100.00,4.00,2135.00,346.20,,,35.00,,Cyl,50.00,50.00,y-y,,244.00,
Mark (RCFT_C+PBC),Hernandez-Figueirido et al.,2012b,[98],R100.150.5_90.275_50.50,150.00,100.00,5.00,2135.00,336.20,,,92.70,,Cyl,50.00,50.00,y-y,,458.50,
Mark (RCFT_C+PBC),Hernandez-Figueirido et al.,2012b,[98],R100.150.4_30.275_50.50,150.00,100.00,4.00,2135.00,362.70,,,31.40,,Cyl,50.00,50.00,y-y,,356.00,
Mark (RCFT_C+PBC),Hernandez-Figueirido et al.,2012b,[98],R100.150.5_90.275_50.50,150.00,100.00,5.00,2135.00,368.00,,,84.00,,Cyl,50.00,50.00,y-y,,528.10,
Mark (RCFT_C+PBC),Hernandez-Figueirido et al.,2012b,[98],R100.150.5_30.275_50.50,150.00,100.00,5.00,2135.00,396.00,,,26.10,,Cyl,50.00,50.00,y-y,,395.00,
Mark (RCFT_C+PBC),Hernandez-Figueirido et al.,2012b,[98],S100.100.4_90.275_20.10,100.00,100.00,4.00,2135.00,280.00,,,93.90,,Cyl,20.00,10.00,y-y,,525.70,
Mark (RCFT_C+PBC),Hernandez-Figueirido et al.,2012b,[98],S100.100.4_30.275_20.10,100.00,100.00,4.00,2135.00,353.20,,,37.10,,Cyl,20.00,10.00,y-y,,457.30,
Mark (RCFT_C+PBC),Hernandez-Figueirido et al.,2012b,[98],R100.150.4_90.275_20.10,150.00,100.00,4.00,2135.00,342.00,,,90.40,,Cyl,20.00,10.00,y-y,,850.90,
Mark (RCFT_C+PBC),Hernandez-Figueirido et al.,2012b,[98],R100.150.4_30.275_20.10,150.00,100.00,4.00,2135.00,280.00,,,31.00,,Cyl,20.00,10.00,y-y,,591.70,
Mark (RCFT_C+PBC),Hernandez-Figueirido et al.,2012b,[98],R100.150.5_90.275_20.10,150.00,100.00,5.00,2135.00,424.50,,,86.50,,Cyl,20.00,10.00,y-y,,981.60,
Mark (RCFT_C+PBC),Hernandez-Figueirido et al.,2012b,[98],R100.150.5_30.275_20.10,150.00,100.00,5.00,2135.00,299.20,,,32.80,,Cyl,20.00,10.00,y-y,,654.30,
Mark (RCFT_C+PBC),Hernandez-Figueirido et al.,2012b,[98],S100.100.4_90.275_50.25,100.00,100.00,4.00,2135.00,358.60,,,87.10,,Cyl,50.00,25.00,y-y,,383.10,
Mark (RCFT_C+PBC),Hernandez-Figueirido et al.,2012b,[98],S100.100.4_30.275_50.25,100.00,100.00,4.00,2135.00,358.60,,,33.40,,Cyl,50.00,25.00,y-y,,253.40,
Mark (RCFT_C+PBC),Hernandez-Figueirido et al.,2012b,[98],R100.150.4_90.275_50.25,150.00,100.00,4.00,2135.00,424.50,,,90.80,,Cyl,50.00,25.00,y-y,,463.40,
Mark (RCFT_C+PBC),Hernandez-Figueirido et al.,2012b,[98],R100.150.4_30.275_50.25,150.00,100.00,4.00,2135.00,424.50,,,33.10,,Cyl,50.00,25.00,y-y,,311.20,
Mark (RCFT_C+PBC),Hernandez-Figueirido et al.,2012b,[98],R100.150.5_90.275_50.25,150.00,100.00,5.00,2135.00,293.50,,,85.90,,Cyl,50.00,25.00,y-y,,526.40,
Mark (RCFT_C+PBC),Hernandez-Figueirido et al.,2012b,[98],R100.150.5_30.275_50.25,150.00,100.00,5.00,2135.00,293.50,,,29.20,,Cyl,50.00,25.00,y-y,,391.20,
Mark (RCFT_C+PBC),Hernandez-Figueirido et al.,2012b,[98],S100.100.4_90.275_20.0,100.00,100.00,4.00,2135.00,363.20,,,89.50,,Cyl,20.00,0.00,y-y,,652.60,
Mark (RCFT_C+PBC),Hernandez-Figueirido et al.,2012b,[98],S100.100.4_30.275_20.0,100.00,100.00,4.00,2135.00,358.20,,,35.80,,Cyl,20.00,0.00,y-y,,474.70,
Mark (RCFT_C+PBC),Hernandez-Figueirido et al.,2012b,[98],R100.150.4_90.275_20.0,150.00,100.00,4.00,2135.00,280.00,,,90.60,,Cyl,20.00,0.00,y-y,,926.30,
Mark (RCFT_C+PBC),Hernandez-Figueirido et al.,2012b,[98],R100.150.4_30.275_20.0,150.00,100.00,4.00,2135.00,308.40,,,29.50,,Cyl,20.00,0.00,y-y,,624.40,
Mark (RCFT_C+PBC),Hernandez-Figueirido et al.,2012b,[98],R100.150.5_90.275_20.0,150.00,100.00,5.00,2135.00,370.30,,,89.60,,Cyl,20.00,0.00,y-y,,1066.00,
Mark (RCFT_C+PBC),Hernandez-Figueirido et al.,2012b,[98],R100.150.5_30.275_20.0,150.00,100.00,5.00,2135.00,306.30,,,36.30,,Cyl,20.00,0.00,y-y,,728.50,
Mark (RCFT_C+PBC),Hernandez-Figueirido et al.,2012b,[98],S100.100.4_90.275_20.-10,100.00,100.00,4.00,2135.00,346.90,,,92.70,,Cyl,20.00,-10.00,y-y,,737.00,
Mark (RCFT_C+PBC),Hernandez-Figueirido et al.,2012b,[98],S100.100.4_30.275_20.-10,100.00,100.00,4.00,2135.00,346.90,,,34.10,,Cyl,20.00,-10.00,y-y,,526.20,
Mark (RCFT_C+PBC),Hernandez-Figueirido et al.,2012b,[98],R100.150.4_90.275_20.-10,150.00,100.00,4.00,2135.00,268.10,,,93.60,,Cyl,20.00,-10.00,y-y,,945.80,
Mark (RCFT_C+PBC),Hernandez-Figueirido et al.,2012b,[98],R100.150.4_30.275_20.-10,150.00,100.00,4.00,2135.00,268.10,,,31.70,,Cyl,20.00,-10.00,y-y,,563.30,
Mark (RCFT_C+PBC),Hernandez-Figueirido et al.,2012b,[98],R100.150.5_90.275_20.-10,150.00,100.00,5.00,2135.00,304.50,,,93.40,,Cyl,20.00,-10.00,y-y,,1042.00,
Mark (RCFT_C+PBC),Hernandez-Figueirido et al.,2012b,[98],R100.150.5_30.275_20.-10,150.00,100.00,5.00,2135.00,304.50,,,30.60,,Cyl,20.00,-10.00,y-y,,720.20,
Mark (RCFT_C+PBC),Qu et al.,2013,[99],PYA-1,100.00,150.00,4.07,700.00,295.00,496.00,,39.00,,Cyl,10.00,10.00,y-y,,750.00,
Mark (RCFT_C+PBC),Qu et al.,2013,[99],PYA-2,100.00,150.00,4.07,800.00,295.00,496.00,,66.00,,Cyl,15.00,15.00,y-y,,1040.00,
Mark (RCFT_C+PBC),Qu et al.,2013,[99],PYA-3,100.00,150.00,4.07,900.00,295.00,496.00,,52.00,,Cyl,20.00,20.00,y-y,,810.00,
Mark (RCFT_C+PBC),Qu et al.,2013,[99],PYA-4,150.00,200.00,4.43,700.00,242.00,410.00,,52.00,,Cyl,20.00,20.00,y-y,,1750.00,
Mark (RCFT_C+PBC),Qu et al.,2013,[99],PYA-5,150.00,200.00,4.43,800.00,242.00,410.00,,39.00,,Cyl,30.00,30.00,y-y,,1400.00,
Mark (RCFT_C+PBC),Qu et al.,2013,[99],PYA-6,150.00,200.00,4.43,900.00,242.00,410.00,,66.00,,Cyl,40.00,40.00,y-y,,1250.00,
Mark (RCFT_C+PBC),Qu et al.,2013,[99],PYA-7,200.00,300.00,5.73,800.00,336.00,533.00,,66.00,,Cyl,50.00,50.00,y-y,,3450.00,
Mark (RCFT_C+PBC),Qu et al.,2013,[99],PYA-8,200.00,300.00,5.73,900.00,336.00,533.00,,52.00,,Cyl,60.00,60.00,y-y,,2650.00,
Mark (RCFT_C+PBC),Qu et al.,2013,[99],PYA-9,200.00,300.00,5.73,1000.00,336.00,533.00,,39.00,,Cyl,70.00,70.00,y-y,,2445.00,
Mark (RCFT_C+PBC),Lee et al.,2016,[105],E1,300.00,300.00,5.00,1720.00,746.00,835.00,,70.50,,Cyl,40.00,40.00,y-y,,6491.00,
Mark (RCFT_C+PBC),Lee et al.,2016,[105],E2,150.00,300.00,5.00,1720.00,746.00,835.00,,83.60,,Cyl,20.00,20.00,z-z,,3873.00,
Mark (RCFT_C+PBC),Lee et al.,2016,[105],E3,300.00,300.00,5.00,1720.00,301.00,466.00,,70.50,,Cyl,40.00,40.00,y-y,,4553.00,
Mark (RCFT_C+PBC),Du et al.,2017,[106],SC40-150-0.2,150.00,150.00,8.28,1180.00,488.40,553.00,,43.20,,Cube,13.00,13.00,y-y,,2470.00,
Mark (RCFT_C+PBC),Du et al.,2017,[106],SC40-180-0.2,120.00,180.00,8.28,1180.00,488.40,553.00,,43.20,,Cube,18.50,18.50,y-y,,2660.00,
Mark (RCFT_C+PBC),Du et al.,2017,[106],SC40-200-0.2,100.00,200.00,8.28,1180.00,488.40,553.00,,43.20,,Cube,20.00,20.00,y-y,,2595.00,
Mark (RCFT_C+PBC),Du et al.,2017,[106],SC50-150-0.2,150.00,150.00,8.28,1180.00,488.40,553.00,,55.30,,Cube,15.00,15.00,y-y,,2450.00,
Mark (RCFT_C+PBC),Du et al.,2017,[106],SC50-180-0.2,120.00,180.00,8.28,1180.00,488.40,553.00,,55.30,,Cube,18.00,18.00,y-y,,2530.00,
Mark (RCFT_C+PBC),Du et al.,2017,[106],SC50-200-0.2,100.00,200.00,8.28,1180.00,488.40,553.00,,55.30,,Cube,19.00,19.00,y-y,,2625.00,
Mark (RCFT_C+PBC),Du et al.,2017,[106],SC40-150-0.4,150.00,150.00,8.28,1180.00,488.40,553.00,,43.20,,Cube,31.50,31.50,y-y,,2042.00,
Mark (RCFT_C+PBC),Du et al.,2017,[106],SC40-180-0.4,120.00,180.00,8.28,1180.00,488.40,553.00,,43.20,,Cube,37.00,37.00,y-y,,2150.00,
Mark (RCFT_C+PBC),Du et al.,2017,[106],SC40-200-0.4,100.00,200.00,8.28,1180.00,488.40,553.00,,43.20,,Cube,39.80,39.80,y-y,,2228.00,
Mark (RCFT_C+PBC),Du et al.,2017,[106],SC50-150-0.4,150.00,150.00,8.28,1180.00,488.40,553.00,,55.30,,Cube,32.50,32.50,y-y,,2020.00,
Mark (RCFT_C+PBC),Du et al.,2017,[106],SC50-180-0.4,120.00,180.00,8.28,1180.00,488.40,553.00,,55.30,,Cube,41.00,41.00,y-y,,2150.00,
Mark (RCFT_C+PBC),Du et al.,2017,[106],SC50-200-0.4,100.00,200.00,8.28,1180.00,488.40,553.00,,55.30,,Cube,41.50,41.50,y-y,,2100.00,
,Mursi and Uy,2004,[132],SL-C110,120,120,5.00,2174,761,813,,20.34,,Cyl,10,10,y-y,,1481.00,
,Mursi and Uy,2004,[132],SL-C160,170,170,5.00,2416,761,813,,20.34,,Cyl,15,15,y-y,,2126.00,
,Mursi and Uy,2004,[132],SL-C210,220,220,5.00,2416,761,813,,20.34,,Cyl,20,20,y-y,,2939.00,
,Mursi and Uy,2004,[132],SL-C260,270,270,5.00,2817,761,813,,20.34,,Cyl,25,25,y-y,,3062.00,
,Xiong et al. ,2017,[137],SS-1,200,200,12.50,3640,465,559,206,183.00,,Cyl 100,20.00,20.00,y-y,,5187.00,Ec is calculated by
,Xiong et al. ,2017,[137],SS-2,200,200,12.00,3640,756,825,199,176.00,,Cyl 100,20.00,20.00,y-y,,7136.00,Ec is calculated by
,Xiong et al. ,2017,[137],SS-3,200,200,12.00,3640,756,825,199,177.00,,Cyl 100,50.00,50.00,y-y,,5078.00,Ec is calculated by
,Liew et al.,2016,[143],SS-1,200,200,12.50,3640,465,559,206,183.00,68,Cyl 100,20.00,20.00,y-y,,5187.00,
,Liew et al.,2016,[143],SS-2,200,200,12.00,3640,756,825,199,176.00,68,Cyl 100,20.00,20.00,y-y,,7136.00,
,Liew et al.,2016,[143],SS-3,200,200,12.00,3640,756,825,199,177.00,68,Cyl 100,50.00,50.00,y-y,,4997.00,
,Liu,2006,[144],S1,120,120,4.00,360,495,581,206,30.00,39,Cyl,15.00,15.00,y-y,,1294.00,
,Liu,2006,[144],S2,120,120,4.00,360,495,581,206,30.00,39,Cyl,25.00,25.00,y-y,,1125.00,
,Liu,2006,[144],S3,120,120,4.00,360,495,581,206,30.00,39,Cyl,30.00,30.00,y-y,,949.00,
,Liu,2006,[144],S4,120,120,4.00,360,495,581,206,30.00,39,Cyl,45.00,45.00,y-y,,810.00,
,Liu,2006,[144],S5,100,150,4.00,450,495,581,206,30.00,39,Cyl,15.00,15.00,y-y,,1422.00,
,Liu,2006,[144],S6,100,150,4.00,450,495,581,206,30.00,39,Cyl,30.00,30.00,y-y,,1190.00,
,Liu,2006,[144],S7,100,150,4.00,450,495,581,206,30.00,39,Cyl,45.00,45.00,y-y,,964.00,
,Liu,2006,[144],S8,100,150,4.00,450,495,581,206,30.00,39,Cyl,60.00,60.00,y-y,,763.00,
,Liu,2006,[144],S9,180,90,4.00,540,495,581,206,30.00,39,Cyl,20.00,20.00,y-y,,1491.00,
,Liu,2006,[144],S10,180,90,4.00,540,495,581,206,30.00,39,Cyl,30.00,30.00,y-y,,1319.00,
,Liu,2006,[144],S11,180,90,4.00,540,495,581,206,30.00,39,Cyl,40.00,40.00,y-y,,1208.00,
,Liu,2006,[144],S12,180,90,4.00,540,495,581,206,30.00,39,Cyl,50.00,50.00,y-y,,1051.00,
,Liu,2006,[144],S13,130,130,4.00,390,495,581,206,30.00,39,Cyl,15.00,15.00,y-y,,1472.00,
,Liu,2006,[144],S14,130,130,4.00,390,495,581,206,30.00,39,Cyl,25.00,25.00,y-y,,1305.00,
,Liu,2006,[144],S15,130,130,4.00,390,495,581,206,30.00,39,Cyl,40.00,40.00,y-y,,1022.00,
,Liu,2006,[144],S16,130,130,4.00,390,495,581,206,30.00,39,Cyl,55.00,55.00,y-y,,789.00,
,Liu,2006,[144],L1,150,100,4.00,2600,495,581,206,30.00,39,Cyl,15.00,15.00,y-y,,1130.00,
,Liu,2006,[144],L2,150,100,4.00,2600,495,581,206,30.00,39,Cyl,30.00,30.00,y-y,,884.00,
,Liu,2006,[144],L3,150,100,4.00,2600,495,581,206,30.00,39,Cyl,45.00,45.00,y-y,,711.00,
,Liu,2006,[144],L4,150,100,4.00,2600,495,581,206,30.00,39,Cyl,60.00,60.00,y-y,,617.00,
,Li et al.,2018,[148],EC1-1,150,150,4.00 ,450,434.56,546.2,206,110.50,,Cube,20.00,20.00,y-y,,2114.40,
,Li et al.,2018,[148],EC1-2,150,150,4.00 ,450,434.56,546.2,206,110.50,,Cube,20.00,20.00,y-y,,2129.70,
,Li et al.,2018,[148],EC2-1,150,150,4.00 ,450,434.56,546.2,206,110.50,,Cube,35.00,35.00,y-y,,1845.90,
,Li et al.,2018,[148],EC2-2,150,150,4.00 ,450,434.56,546.2,206,110.50,,Cube,35.00,35.00,y-y,,1717.20,
,Li et al.,2018,[148],EC3-1,150,150,4.00 ,450,434.56,546.2,206,110.50,,Cube,50.00,50.00,y-y,,1561.40,
,Li et al.,2018,[148],EC3-2,150,150,4.00 ,450,434.56,546.2,206,110.50,,Cube,50.00,50.00,y-y,,1454.90,
,Li et al.,2018,[148],EC4-1,150,150,4.00 ,450,434.56,546.2,206,110.50,,Cube,65.00,65.00,y-y,,1265.00,
,Li et al.,2018,[148],EC4-2,150,150,4.00 ,450,434.56,546.2,206,110.50,,Cube,65.00,65.00,y-y,,1244.10,
,Li et al.,2018,[148],EC5-1,150,150,5.00 ,450,433.1,547.6,209,110.50,,Cube,50.00,50.00,y-y,,1668.60,
,Li et al.,2018,[148],EC5-2,150,150,5.00 ,450,433.1,547.6,209,110.50,,Cube,50.00,50.00,y-y,,1630.10,
,Li et al.,2018,[148],EC6-1,150,150,6.00 ,450,436.9,550.4,207,110.50,,Cube,50.00,50.00,y-y,,1835.70,
,Li et al.,2018,[148],EC6-2,150,150,6.00 ,450,436.9,550.4,207,110.50,,Cube,50.00,50.00,y-y,,1797.20,
,Uy,2000,[151],HS2,126,126,3.00 ,360,300,,,50.00,,Cyl,20.00,20.00,y-y,,996.00,
,Uy,2000,[151],HS3,126,126,3.00 ,360,300,,,50.00,,Cyl,40.00,40.00,y-y,,739.00,
,Uy,2000,[151],HS4,126,126,3.00 ,360,300,,,50.00,,Cyl,50.00,50.00,y-y,,619.00,
,Uy,2000,[151],HS8,156,156,3.00 ,450,300,,,50.00,,Cyl,25.00,25.00,y-y,,1426.00,
,Uy,2000,[151],HS9,156,156,3.00 ,450,300,,,50.00,,Cyl,50.00,50.00,y-y,,1203.00,
,Uy,2000,[151],HS10,156,156,3.00 ,450,300,,,50.00,,Cyl,60.00,60.00,y-y,,959.00,
,Uy,2000,[151],NS2,186,186,3.00 ,540,300,,,32.00,,Cyl,37.00,37.00,y-y,,1069.00,
,Uy,2000,[151],NS3,186,186,3.00 ,540,300,,,32.00,,Cyl,56.00,56.00,y-y,,1133.00,
,Uy,2000,[151],NS4,186,186,3.00 ,540,300,,,32.00,,Cyl,84.00,84.00,y-y,,895.00,
,Uy,2000,[151],NS8,246,246,3.00 ,720,300,,,38.00,,Cyl,48.00,48.00,y-y,,2255.00,
,Uy,2000,[151],NS9,246,246,3.00 ,720,300,,,38.00,,Cyl,74.00,74.00,y-y,,1900.00,
,Uy,2000,[151],NS10,246,246,3.00 ,720,300,,,38.00,,Cyl,100.00,100.00,y-y,,1279.00,
,Cederwall et al.,1990,[159],1-1,120,120,5.00 ,3000,304,,,47.0 ,,Cyl,20.00,20.00,y-y,,610.00,
,Cederwall et al.,1990,[159],2-1,120,120,5.00 ,3000,438,,,46.0 ,,Cyl,20.00,20.00,y-y,,700.00,
,Cederwall et al.,1990,[159],3-1,120,120,5.00 ,3000,327,,,96.0 ,,Cyl,20.00,20.00,y-y,,710.00,
,Cederwall et al.,1990,[159],4-1,120,120,5.00 ,3000,439,,,96.0 ,,Cyl,20.00,20.00,y-y,,830.00,
,Cederwall et al.,1990,[159],5-1,120,120,8.00 ,3000,323,,,39.0 ,,Cyl,20.00,20.00,y-y,,740.00,
,Cederwall et al.,1990,[159],6-1,120,120,8.00 ,3000,300,,,46.0 ,,Cyl,20.00,20.00,y-y,,770.00,
,Cederwall et al.,1990,[159],7-1,120,120,8.00 ,3000,376,,,47.0 ,,Cyl,20.00,20.00,y-y,,870.00,
,Cederwall et al.,1990,[159],8-1,120,120,8.00 ,3000,323,,,103.0 ,,Cyl,20.00,20.00,y-y,,820.00,
,Cederwall et al.,1990,[159],9-1,120,120,8.00 ,3000,379,,,103.0 ,,Cyl,20.00,20.00,y-y,,1000.00,
,Cederwall et al.,1990,[159],10-1,120,120,8.00 ,3000,379,,,39.0 ,,Cyl,20.00,20.00,y-y,,820.00,
,Cederwall et al.,1990,[159],13-1,120,120,8.00 ,3000,390,,,80.0 ,,Cyl,10.00,10.00,y-y,,1160.00,
,Cederwall et al.,1990,[159],17-1,120,120,8.00 ,3000,404,,,92.0 ,,Cyl,20.00,20.00,y-y,,1010.00,
Added Jan21 2043,Uy,2001,[134],HSS3,110,110,5,330,750,,,30,,Cyl,15.00,15.00,y-y,,1555.00,
Added Jan21 2044,Uy,2001,[134],HSS4,110,110,5,330,750,,,30,,Cyl,30.00,30.00,y-y,,1281.00,
Added Jan21 2045,Uy,2001,[134],HSS7,160,160,5,330,750,,,30,,Cyl,40.00,40.00,y-y,,1308.00,
Added Jan21 2046,Uy,2001,[134],HSS10,160,160,5,330,750,,,30,,Cyl,25.00,25.00,y-y,,2024.00,
Added Jan21 2047,Uy,2001,[134],HSS11,160,160,5,330,750,,,30,,Cyl,50.00,50.00,y-y,,1979.00,
Added Jan21 2048,Uy,2001,[134],HSS16,210,210,5,330,750,,,32,,Cyl,25.00,25.00,y-y,,3106.00,
Added Jan21 2049,Uy,2001,[134],HSS17,210,210,5,330,750,,,32,,Cyl,50.00,50.00,y-y,,2617.00,